title,price,description,stock
Reddit,650,1 year old ,10
Reddit,350,Month old,20
TextFree,1500,<br />,15
Textplus [Gmail],2000,"<p style=""margin-right:0px;margin-left:0px;font-size:12px;line-height:normal;font-family:'system-ui';""><span style=""font-weight:bold;"">TEXTPLUS </span></p><p style=""margin-right:0px;margin-left:0px;font-size:12px;line-height:normal;font-family:'system-ui';min-height:14.3px;""><span style=""font-weight:bold;""></span><br /></p><p style=""margin-right:0px;margin-left:0px;font-size:12px;line-height:normal;font-family:'system-ui';""><span style=""font-weight:bold;"">Connect to Japan/usa on ovnspider VPN {recommend}</span></p><p style=""margin-right:0px;margin-left:0px;font-size:12px;line-height:normal;font-family:'system-ui';""><span style=""font-weight:bold;"">Connect to Canada on CAT VPN</span></p><p style=""margin-right:0px;margin-left:0px;font-size:12px;line-height:normal;font-family:'system-ui';""><span style=""font-weight:bold;"">Connect to Poland on Octohide VPN </span></p><p style=""margin-right:0px;margin-left:0px;font-size:12px;line-height:normal;font-family:'system-ui';min-height:14.3px;""><span style=""font-weight:bold;""></span><br /></p><p style=""margin-right:0px;margin-left:0px;font-size:12px;line-height:normal;font-family:'system-ui';""><span style=""font-weight:bold;"">Then login the Gmail, and sign in with Gmail. </span></p><p style=""margin-right:0px;margin-left:0px;font-size:12px;line-height:normal;font-family:'system-ui';min-height:14.3px;""><span style=""font-weight:bold;""></span><br /></p><p style=""margin-right:0px;margin-left:0px;font-size:12px;line-height:normal;font-family:'system-ui';""><span style=""font-weight:bold;"">If you don’t have these VPNs use any other “strong premium” VPN (aside PIA,NORD)</span></p><p style=""margin-right:0px;margin-left:0px;font-size:12px;line-height:normal;font-family:'system-ui';min-height:14.3px;""><span style=""font-weight:bold;""></span><br /></p><p style=""margin-right:0px;margin-left:0px;font-size:12px;line-height:normal;font-family:'system-ui';""><span style=""font-weight:bold;"">NOTE:Sign in immediately and secure your logs !!!!</span></p><p style=""margin-right:0px;margin-left:0px;font-size:12px;line-height:normal;font-family:'system-ui';""><span style=""font-weight:bold;"">    :NO REPLACEMENTS AFTER 2HRS OF SUCCESSFULLY SIGNING IN !!!!</span></p>",50
Talkatone,2000,"<p class=""p1"" style=""margin-right:0px;margin-left:0px;font-size:13px;line-height:normal;font-family:'Helvetica Neue';color:rgb(0,0,0);"">How to Login TALKATONE For iPhone Users: 1. Download and install VAVA VPN: Get the VAVA VPN app from the App Store. 2. Connect to USA. Download link: <span class=""s1"" style=""color:rgb(91,116,3);"">https://apps.apple.com/us/app/vava-vpn/id1604359769</span> For Android Users: 1. Download and install VAVA VPN: Get the VAVA VPN app from the Play Store. 2. Connect to USA. Download link: <span class=""s1"" style=""color:rgb(91,116,3);"">https://play.google.com/store/apps/details?id=app.vava.vpn</span> Enjoy your logs Thank you</p>",100
Textplus [Outlook],2000,"<p style=""margin-right:0px;margin-left:0px;font-style:normal;font-size:12px;line-height:normal;font-family:'system-ui';""><span style=""font-weight:bold;"">TEXTPLUS </span></p><p style=""margin-right:0px;margin-left:0px;font-style:normal;font-size:12px;line-height:normal;font-family:'system-ui';min-height:14.3px;""><span style=""font-weight:bold;""></span><br /></p><p style=""margin-right:0px;margin-left:0px;font-style:normal;font-size:12px;line-height:normal;font-family:'system-ui';""><span style=""font-weight:bold;"">Connect to Japan/usa on ovnspider VPN {recommend}</span></p><p style=""margin-right:0px;margin-left:0px;font-style:normal;font-size:12px;line-height:normal;font-family:'system-ui';""><span style=""font-weight:bold;"">Connect to Canada on CAT VPN</span></p><p style=""margin-right:0px;margin-left:0px;font-style:normal;font-size:12px;line-height:normal;font-family:'system-ui';""><span style=""font-weight:bold;"">Connect to Poland on Octohide VPN </span></p><p style=""margin-right:0px;margin-left:0px;font-style:normal;font-size:12px;line-height:normal;font-family:'system-ui';min-height:14.3px;""><span style=""font-weight:bold;""></span><br /></p><p style=""margin-right:0px;margin-left:0px;font-style:normal;font-size:12px;line-height:normal;font-family:'system-ui';""><span style=""font-weight:bold;"">Then login the mail outlook, and sign in with Outlook. </span></p><p style=""margin-right:0px;margin-left:0px;font-style:normal;font-size:12px;line-height:normal;font-family:'system-ui';min-height:14.3px;""><span style=""font-weight:bold;""></span><br /></p><p style=""margin-right:0px;margin-left:0px;font-style:normal;font-size:12px;line-height:normal;font-family:'system-ui';""><span style=""font-weight:bold;"">If you don’t have these VPNs use any other “strong premium” VPN (aside PIA,NORD)</span></p><p style=""margin-right:0px;margin-left:0px;font-style:normal;font-size:12px;line-height:normal;font-family:'system-ui';min-height:14.3px;""><span style=""font-weight:bold;""></span><br /></p><p style=""margin-right:0px;margin-left:0px;font-style:normal;font-size:12px;line-height:normal;font-family:'system-ui';""><span style=""font-weight:bold;"">NOTE:Sign in immediately and secure your logs !!!!</span></p><p style=""margin-right:0px;margin-left:0px;font-style:normal;font-size:12px;line-height:normal;font-family:'system-ui';""><span style=""font-weight:bold;"">    :NO REPLACEMENTS AFTER 2HRS OF SUCCESSFULLY SIGNING IN !!!!</span></p>",25
Textplus [ Strong Yahoo mail ],2000,"<div style=""text-align:left;""><p style=""margin-right:0px;margin-left:0px;font-size:12px;line-height:normal;font-family:'system-ui';""><span style=""font-weight:bold;"">TEXTPLUS </span></p><p style=""margin-right:0px;margin-left:0px;font-size:12px;line-height:normal;font-family:'system-ui';min-height:14.3px;""><span style=""font-weight:bold;""></span><br /></p><p style=""margin-right:0px;margin-left:0px;font-size:12px;line-height:normal;font-family:'system-ui';""><span style=""font-weight:bold;"">Connect to Japan/usa on ovnspider VPN {recommend}</span></p><p style=""margin-right:0px;margin-left:0px;font-size:12px;line-height:normal;font-family:'system-ui';""><span style=""font-weight:bold;"">Connect to Canada on CAT VPN</span></p><p style=""margin-right:0px;margin-left:0px;font-size:12px;line-height:normal;font-family:'system-ui';""><span style=""font-weight:bold;"">Connect to Poland on Octohide VPN </span></p><p style=""margin-right:0px;margin-left:0px;font-size:12px;line-height:normal;font-family:'system-ui';min-height:14.3px;""><span style=""font-weight:bold;""></span><br /></p><p style=""margin-right:0px;margin-left:0px;font-size:12px;line-height:normal;font-family:'system-ui';""><span style=""font-weight:bold;"">Then login the Yahoo, and sign in with Yahoo. </span></p><p style=""margin-right:0px;margin-left:0px;font-size:12px;line-height:normal;font-family:'system-ui';min-height:14.3px;""><span style=""font-weight:bold;""></span><br /></p><p style=""margin-right:0px;margin-left:0px;font-size:12px;line-height:normal;font-family:'system-ui';""><span style=""font-weight:bold;"">If you don’t have these VPNs use any other “strong premium” VPN (aside PIA,NORD)</span></p><p style=""margin-right:0px;margin-left:0px;font-size:12px;line-height:normal;font-family:'system-ui';min-height:14.3px;""><span style=""font-weight:bold;""></span><br /></p><p style=""margin-right:0px;margin-left:0px;font-size:12px;line-height:normal;font-family:'system-ui';""><span style=""font-weight:bold;"">NOTE:Sign in immediately and secure your logs !!!!</span></p><p style=""margin-right:0px;margin-left:0px;font-size:12px;line-height:normal;font-family:'system-ui';""><span style=""font-weight:bold;"">    :NO REPLACEMENTS AFTER 2HRS OF SUCCESSFULLY SIGNING IN !!!!</span></p></div>",30
Gmail Google voice,5000,"<p class=""p1"" style=""margin-right:0px;margin-left:0px;font-size:13px;line-height:normal;font-family:'Helvetica Neue';color:rgb(0,0,0);"">Google Voice Account Login Instructions:</p><p class=""p2"" style=""margin-right:0px;margin-left:0px;font-size:13px;line-height:normal;font-family:'Helvetica Neue';color:rgb(0,0,0);min-height:15px;""><br /></p><p class=""p1"" style=""margin-right:0px;margin-left:0px;font-size:13px;line-height:normal;font-family:'Helvetica Neue';color:rgb(0,0,0);"">1. Log in with a strong USA VPN, username, and password. Confirm recovery email if prompted.</p><p class=""p1"" style=""margin-right:0px;margin-left:0px;font-size:13px;line-height:normal;font-family:'Helvetica Neue';color:rgb(0,0,0);"">2. Verify account with a new Nigerian phone number (if required).</p><p class=""p1"" style=""margin-right:0px;margin-left:0px;font-size:13px;line-height:normal;font-family:'Helvetica Neue';color:rgb(0,0,0);"">3. Send your first text on Google Voice using a strong USA VPN.</p><p class=""p2"" style=""margin-right:0px;margin-left:0px;font-size:13px;line-height:normal;font-family:'Helvetica Neue';color:rgb(0,0,0);min-height:15px;""><br /></p><p class=""p1"" style=""margin-right:0px;margin-left:0px;font-size:13px;line-height:normal;font-family:'Helvetica Neue';color:rgb(0,0,0);"">Important:</p><p class=""p2"" style=""margin-right:0px;margin-left:0px;font-size:13px;line-height:normal;font-family:'Helvetica Neue';color:rgb(0,0,0);min-height:15px;""><br /></p><p class=""p1"" style=""margin-right:0px;margin-left:0px;font-size:13px;line-height:normal;font-family:'Helvetica Neue';color:rgb(0,0,0);"">- Wait 24 hours before changing your password.</p><p class=""p1"" style=""margin-right:0px;margin-left:0px;font-size:13px;line-height:normal;font-family:'Helvetica Neue';color:rgb(0,0,0);"">- Text on Google Voice before adding Two-Step Authentication.</p><p class=""p1"" style=""margin-right:0px;margin-left:0px;font-size:13px;line-height:normal;font-family:'Helvetica Neue';color:rgb(0,0,0);"">- Check your location on <span class=""s1"" style=""color:rgb(31,107,192);"">whoer.net</span> before texting.</p><p class=""p1"" style=""margin-right:0px;margin-left:0px;font-size:13px;line-height:normal;font-family:'Helvetica Neue';color:rgb(0,0,0);"">- Avoid PIA and Express VPN; use a strong VPN for a seamless experience.</p>",5
PREMIUM FOREIGN IG (Fresh with 1-8 Post),800,"<p class=""p1"" style=""margin-right:0px;margin-left:0px;color:rgb(0,0,0);font-size:13px;line-height:normal;font-family:'Helvetica Neue';"">Elevate your Instagram presence with our premium account. This account features two-factor authentication (2FA), requiring Google Authenticator to validate the login code, ensuring secure and controlled access. Brazilian accounts, fully optimized for global use, great for boosting your social media impact and help you grow your online presence.</p><p class=""p1"" style=""margin-right:0px;margin-left:0px;color:rgb(0,0,0);font-size:13px;line-height:normal;font-family:'Helvetica Neue';"">Characteristics</p><p class=""p2"" style=""margin-right:0px;margin-left:0px;color:rgb(0,0,0);font-size:13px;line-height:normal;font-family:'Helvetica Neue';min-height:15px;""><br /></p><p class=""p1"" style=""margin-right:0px;margin-left:0px;color:rgb(0,0,0);font-size:13px;line-height:normal;font-family:'Helvetica Neue';"">File format-</p><p class=""p1"" style=""margin-right:0px;margin-left:0px;color:rgb(0,0,0);font-size:13px;line-height:normal;font-family:'Helvetica Neue';"">login;password:2FA<br /><br />Mail-<span style=""color:rgb(85,85,85);font-family:'Saira Semi Condensed', sans-serif;font-size:1rem;"">https://fviainboxes.com/<br />Mail-Temp-mail.io</span></p>",
USA 🇺🇸 IG,2000,"<p class=""p1"" style=""margin-right:0px;margin-left:0px;font-size:13px;line-height:normal;font-family:'Helvetica Neue';color:rgb(255,255,255);"">6-8yrs with real post<span class=""Apple-converted-space""> </span></p>",
PREMIUM FOREIGN IG (Fresh and empty),700,"<p class=""p1"" style=""margin-right:0px;margin-left:0px;color:rgb(0,0,0);font-size:13px;line-height:normal;font-family:'Helvetica Neue';"">Elevate your Instagram presence with our premium account. This account features two-factor authentication (2FA), requiring Google Authenticator to validate the login code, ensuring secure and controlled access. Brazilian accounts, fully optimized for global use, great for boosting your social media impact and help you grow your online presence.</p><p class=""p1"" style=""margin-right:0px;margin-left:0px;color:rgb(0,0,0);font-size:13px;line-height:normal;font-family:'Helvetica Neue';"">Characteristics</p><p class=""p2"" style=""margin-right:0px;margin-left:0px;color:rgb(0,0,0);font-size:13px;line-height:normal;font-family:'Helvetica Neue';min-height:15px;""><br /></p><p class=""p1"" style=""margin-right:0px;margin-left:0px;color:rgb(0,0,0);font-size:13px;line-height:normal;font-family:'Helvetica Neue';"">File format-</p><p class=""p1"" style=""margin-right:0px;margin-left:0px;color:rgb(0,0,0);font-size:13px;line-height:normal;font-family:'Helvetica Neue';"">login;password:2FA<br /><br />Mail- <span style=""color:rgb(82,173,247);"">temp-mail.io</span></p>",
Instagram,2500,100 Followers|4-5yrs|foriegn<br />,
INSTAGRAM,2000,4-5yrs|Non Boosted|Some have post<br />,
Twitter,2000,2009-2015 | mail acess  With Followers ,
Twitter,1700,2022-2025|with followers,
Twitter,1500,<h6 style="margin-right:0px;margin-left:0px;line-height:normal;"><font color="#ffffff" face="Helvetica Neue"><span style="font-size:13px;">6-11yrs | mail access and 2FA( 0-30 followers) </span></font></h6>,
Cheapest Twitter,500,month old|Mail access|2fa<br />,
100-500 followers Twitter,1800,mail access and 2fa|14yrs<br />,
50-200 followers Twitter,1400,mail access and 2fa|14yrs<br />,
Empty Twitter,650,6-15yrs<br />,
RESERVE,10000,<br />,
RESERVE,10000,<br />,
RESERVE,10000,<br />,
EUROPE FB DATING,12000,"<font style=""margin:0px;padding:0px;color:rgb(85,85,85);font-family:'Saira Semi Condensed', sans-serif;vertical-align:inherit;""><font class=""VIpgJd-yAWNEb-VIpgJd-fmcmS-sn54Q"" style=""margin:0px;padding:0px;background-color:rgb(201,215,241);vertical-align:inherit;"">UID | PASS | 2FA | HOTMAIL | PASS MAILL| MAILL RCV</font></font><br style=""margin:0px;padding:0px;color:rgb(85,85,85);font-family:'Saira Semi Condensed', sans-serif;"" /><font style=""margin:0px;padding:0px;color:rgb(85,85,85);font-family:'Saira Semi Condensed', sans-serif;vertical-align:inherit;""><font class=""VIpgJd-yAWNEb-VIpgJd-fmcmS-sn54Q"" style=""margin:0px;padding:0px;background-color:rgb(201,215,241);vertical-align:inherit;"">You are required to use the Facebook app on your phone to check.</font></font><br style=""margin:0px;padding:0px;color:rgb(85,85,85);font-family:'Saira Semi Condensed', sans-serif;"" />",
FEMALE GERMANY🇩🇪 DATING,11000,High profile|with friends and marketplace<br />,
MALE GERMANY🇩🇪 DATING,11500,High profile|with friends and marketplace<br />,
USA🇺🇸 FB DATING,7500,Get started/Welcome|100-1000 friends|standard profile<br />,
MALE USA🇺🇸 FB DATING,24000,<br />,
FEMALE USA🇺🇸 FB DATING,24000,<br />,
Random FB | 0-5 Friends,1500,<br />,
OLD random Foriegn FB 1000-5000 Friends,7000,<br />,
OLD random Foriegn FB 30-1000 Friends,6000,<br />,
OLD random Foriegn FB 0-100 Friends,5000,<div style="text-align:justify;"><br /></div>,
TESTING,150,<br />,
Gmx.com,150,<br />,
Aol.com,150,<br />,
One.pl,150,<br />,
Mail.com,150,<br />,
Rambler.ru,150,<br />,
Mail.Tm,150,<br />,
Mail.ru,150,<br />,
Gmail,700,Month Old ,
GMAIL|15yrs(2008),1800,<br />,
FB testing 1,100,<br />,
FB Testing 2,100,<br />,
FB testing 3,100,<br />,
FB testing 4,100,<br />,
Fresh 🇺🇸 USA FB | 0-50 friends,6000,<br />,
USA 🇺🇸 FB | 5-50 friends,8500,<br />,
FB testing 6,100,<br />,
Standard 🇺🇸 USA | +30 Friends,8500,<br />,
Standard 🇺🇸 USA | +100 Friends,8500,"real and fake friends |<span style=""margin-top:0px;margin-right:0px;margin-left:0px;padding:0px;font-weight:bolder;color:rgb(85,85,85);font-family:'Saira Semi Condensed', sans-serif;font-size:15px;text-align:center;""><small style=""margin:0px;padding:0px;""> 2024-2025 </small></span>",
Standard 🇺🇸 USA | +100 Friends,10000,<br />,
Standard 🇺🇸 USA | +200 Friends,13500,<br />,
Express,3500,<br />,
Surfshark,3500,<br />,
Pia VPN,3000,"FILE FORMAT <br /> Username:Password<br /><br />NOTE: For personal use only , Not advisable on<span style=""font-size:1rem;""> our logs !!!</span>",
HMA,5000,<br />,
Surfshark,3500,<br />,
Nord,3500,<br />,
Ipvanish,3500,<br />,
Express,3500,<br />,
USA 🇺🇸 FB,2500,<br />,
"Indonesia 🇮🇩 (Real Account) 0-30 Friends ,2fa",5500,<p style="margin-right:0px;margin-left:0px;font-style:normal;font-size:12px;line-height:normal;font-family:'system-ui';"><br /></p>,
“switch profile “ Europe   FB | +30 Friends | -already created 1 more profile,6000,"<p class=""details-desc"" style=""margin-right:0px;margin-bottom:25px;margin-left:0px;padding:0px;""><font face=""system-ui""><span style=""font-size:12px;"">Europe </span></font><span style=""color:rgb(85,85,85);font-family:'system-ui';font-size:12px;""> FB</span><span style=""color:rgb(85,85,85);font-family:'system-ui';font-size:12px;font-weight:700;"">  - account already created 1 more profile - +30 FRIEND - 2FA - avtive marketplace - can join groups Get OTP: webgetcode.com - location is displayed </span><font color=""#555555"" face=""system-ui""><span style=""font-size:12px;""><b> </b></span></font></p><div class=""details-list-group"" style=""margin:0px 0px 25px;padding:0px;color:rgb(85,85,85);font-family:'Saira Semi Condensed', sans-serif;""></div>",
FB - DIRECT USA 🇺🇸 MARKETPLACE,5000,"<p class=""details-desc"" style=""margin-right:0px;margin-bottom:25px;margin-left:0px;padding:0px;color:rgb(85,85,85);font-family:'Saira Semi Condensed', sans-serif;font-size:16px;""></p><div class=""flex gap-2"" style=""border-width:0px;border-style:solid;border-color:rgb(229,231,235);color:rgb(0,28,56);font-family:Inter, sans-serif;font-size:12px;font-style:normal;font-weight:400;letter-spacing:normal;text-indent:0px;text-transform:none;word-spacing:0px;white-space:normal;background-color:rgb(255,255,255);text-decoration-thickness:initial;text-decoration-style:initial;""></div><div class=""mb-2 sm:mb-4"" style=""border-width:0px;border-style:solid;border-color:rgb(229,231,235);margin-bottom:1rem;color:rgb(0,28,56);font-family:Inter, sans-serif;font-size:12px;font-style:normal;font-weight:400;letter-spacing:normal;text-indent:0px;text-transform:none;word-spacing:0px;white-space:normal;background-color:rgb(255,255,255);text-decoration-thickness:initial;text-decoration-style:initial;""><div class=""description-content mt-2 p-3 bg-gray-50 rounded-lg text-sm text-gray-700"" style=""border-width:0px;border-style:solid;border-color:rgb(229,231,235);margin-top:0.5rem;background-color:rgb(249,250,251);padding:0.75rem;font-size:0.875rem;line-height:1.25rem;color:rgb(55,65,81);""><div class=""mb-2 sm:mb-4"" style=""border-width:0px;border-style:solid;border-color:rgb(229,231,235);margin-bottom:1rem;""><div class=""description-content mt-2 p-3 bg-gray-50 rounded-lg text-sm text-gray-700"" style=""border-width:0px;border-style:solid;border-color:rgb(229,231,235);margin-top:0.5rem;background-color:rgb(249,250,251);padding:0.75rem;font-size:0.875rem;line-height:1.25rem;color:rgb(55,65,81);""><div style=""font-size:0.875rem;border-width:0px;border-style:solid;border-color:rgb(229,231,235);"">• +30 </div><div style=""border-width:0px;border-style:solid;border-color:rgb(229,231,235);color:rgb(55,65,81);font-family:Inter, sans-serif;font-size:0.875rem;"">• 2022-2025</div><div style=""border-width:0px;border-style:solid;border-color:rgb(229,231,235);color:rgb(55,65,81);font-family:Inter, sans-serif;font-size:0.875rem;"">• Mix friends from other countries</div><div style=""border-width:0px;border-style:solid;border-color:rgb(229,231,235);""><font color=""#374151"" face=""Inter, sans-serif"" style=""border-width:0px;border-style:solid;border-color:rgb(229,231,235);""><span style=""border-width:0px;border-style:solid;border-color:rgb(229,231,235);font-size:0.875rem;"">• DIRECT USA 🇺🇸 MARKETPLACE</span><span style=""border-width:0px;border-style:solid;border-color:rgb(229,231,235);font-size:14px;""><br style=""border-width:0px;border-style:solid;border-color:rgb(229,231,235);"" /><br style=""border-width:0px;border-style:solid;border-color:rgb(229,231,235);"" /></span></font></div><div style=""border-width:0px;border-style:solid;border-color:rgb(229,231,235);color:rgb(55,65,81);font-family:Inter, sans-serif;font-size:0.875rem;""><u style=""border-width:0px;border-style:solid;border-color:rgb(229,231,235);"">FORMAT</u>; UID | Pass | Token | Mail | Mail-Pass | 2FA<br />Mail : webgetcode.com</div></div></div><div class=""flex gap-2"" style=""border-width:0px;border-style:solid;border-color:rgb(229,231,235);color:rgb(0,28,56);font-family:Inter, sans-serif;font-size:12px;""></div></div></div><div class=""details-list-group"" style=""margin:0px 0px 25px;padding:0px;color:rgb(85,85,85);font-family:'Saira Semi Condensed', sans-serif;""></div>",
🇺🇸USA FB - CAN CREATE MORE OTHERS PROFILE,4000,"<p class=""p1"" style=""margin-right:0px;margin-left:0px;font-size:13px;line-height:normal;font-family:'Helvetica Neue';color:rgb(0,0,0);""><span style=""font-weight:bold;font-family:'system-ui';font-size:12px;"">FB USA - account already created 1 more profile - 0 FRIEND - 2FA - Live ADS - Get OTP: webgetcode.com - location is not displayed</span><br /></p>",
India 🇮🇳  FB,3500,+50 Friends ,
India 🇮🇳  FB,2500,"<span style=""color:rgb(33,37,41);"">0-50 Friends </span>",
Germany 🇩🇪  FB,3500,0-50 Friends ,
Standard USA 🇺🇸 FB | +30 Friends,6500,"<p class=""p1"" style=""margin-right:0px;margin-left:0px;font-size:13px;line-height:normal;font-family:'Helvetica Neue';color:rgb(0,0,0);"">2022-2025</p>",
Standard USA 🇺🇸 FB | +100 Friends,6000,"<p class=""p1"" style=""margin-right:0px;margin-left:0px;font-size:13px;line-height:normal;font-family:'Helvetica Neue';color:rgb(0,0,0);"">With amazing friends<span class=""Apple-converted-space""> </span></p>",
Standard USA 🇺🇸 FB | +200 Friends,8500,With amazing friends,
OLD FOREIGN TIKTOK,1500,<div><br /></div>Empty ,
OLD FOREIGN TIKTOK,2500,100 Followers ,
OLD FOREIGN TIKTOK,3500,500 Followers ,
OLD FOREIGN TIKTOK,5000,1000 Followers ,
Tiktok 4,100,<br />,
Tiktok 5,100,<br />,
S1,2000,<br />,
S2,2000,<br />,
S3,2000,<br />,
S4,2000,<br />,
"All in one, contains Netflix, Showmax, prime video etc… buy only one",2000,"<p class=""p1"" style=""margin-right:0px;margin-left:0px;font-size:13px;line-height:normal;font-family:'Helvetica Neue';color:rgb(0,0,0);""><span style=""color:rgb(0,0,0);"">once purchased copy and paste the log on your browser and follow instructions</span></p>",
+30 FB 1,5000,<br />,
+30 FB 2,5000,<br />,
POLAND 🇵🇱  | ±30 FRIENDS,3500,"<p class=""p1"" style=""margin-right:0px;margin-left:0px;font-size:13px;line-height:normal;font-family:'Helvetica Neue';color:rgb(255,255,255);"">Location POLAND - 2FA - Active marketplace | 2024-2026 - webgetcode.com</p><p class=""p1"" style=""margin-right:0px;margin-left:0px;font-size:13px;line-height:normal;font-family:'Helvetica Neue';color:rgb(255,255,255);""><span class=""Apple-converted-space""> </span>OTP: webgetcode.com</p>",
INDIA 🇮🇳  | ±30 FRIENDS,3500,"<p class=""p1"" style=""margin-right:0px;margin-left:0px;font-size:13px;line-height:normal;font-family:'Helvetica Neue';color:rgb(255,255,255);"">Location INDIA - 2FA - Active marketplace | 2024-2026 - webgetcode.com</p><p class=""p1"" style=""margin-right:0px;margin-left:0px;font-size:13px;line-height:normal;font-family:'Helvetica Neue';color:rgb(255,255,255);""><span class=""Apple-converted-space""> </span>OTP: webgetcode.com</p>",
GERMANY 🇩🇪 | ±30 FRIENDS,3500,"<p class=""p1"" style=""margin-right:0px;margin-left:0px;font-size:13px;line-height:normal;font-family:'Helvetica Neue';color:rgb(255,255,255);""><span class=""Apple-converted-space""> </span>Location GERMANY - 2FA - Active marketplace | 2024-2026 - webgetcode.com</p><p class=""p1"" style=""margin-right:0px;margin-left:0px;font-size:13px;line-height:normal;font-family:'Helvetica Neue';color:rgb(255,255,255);""><span class=""Apple-converted-space""> </span>OTP: webgetcode.com</p>",
UK 🇬🇧   | ±30 FRIENDS,3500,"<p class=""p1"" style=""margin-right:0px;margin-left:0px;font-size:13px;line-height:normal;font-family:'Helvetica Neue';color:rgb(255,255,255);"">Location UK - 2FA - Active marketplace | 2024-2026 - webgetcode.com</p><p class=""p1"" style=""margin-right:0px;margin-left:0px;font-size:13px;line-height:normal;font-family:'Helvetica Neue';color:rgb(255,255,255);""><span class=""Apple-converted-space""> </span>OTP: webgetcode.com</p>",
CANADA 🇨🇦  | ±30 FRIENDS,3500,"<p class=""p1"" style=""margin-right:0px;margin-left:0px;font-size:13px;line-height:normal;font-family:'Helvetica Neue';color:rgb(255,255,255);""><br /></p><p class=""p1"" style=""margin-right:0px;margin-left:0px;font-size:13px;line-height:normal;font-family:'Helvetica Neue';color:rgb(255,255,255);"">- Location CANADA - 2FA - Active marketplace | 2024-2026 - webgetcode.com</p><p class=""p1"" style=""margin-right:0px;margin-left:0px;font-size:13px;line-height:normal;font-family:'Helvetica Neue';color:rgb(255,255,255);""><span class=""Apple-converted-space""> </span>OTP: webgetcode.com</p>",
AUSTRALIA 🇦🇺 | ±30 FRIENDS,3500,"<p class=""p1"" style=""margin-right:0px;margin-left:0px;font-size:13px;line-height:normal;font-family:'Helvetica Neue';color:rgb(255,255,255);"">Location AUSTRALIA - 2FA - Active marketplace | 2024-2026 - webgetcode.com</p><p class=""p1"" style=""margin-right:0px;margin-left:0px;font-size:13px;line-height:normal;font-family:'Helvetica Neue';color:rgb(255,255,255);""><span class=""Apple-converted-space""> </span>OTP: webgetcode.com</p>",
+30 FB 9,5000,<br />,
+30 FB 10,5000,<br />,
